TV,Radio,Newspaper,Sales
112.36,13.09,57.2,10.33
285.21,12.35,80.54,20.6
219.6,45.31,76.02,23.57
179.6,12.48,15.39,15.62
46.81,13.6,14.92,7.23
46.8,37.97,26.82,13.27
17.43,22.49,36.11,7.05
259.85,38.84,40.85,24.24
180.33,3.27,67.97,14.03
212.42,24.38,5.67,18.52
6.18,1.68,3.47,4.15
290.97,3.13,39.19,18.4
249.73,45.32,69.72,26.8
63.7,6.96,19.34,7.55
54.55,26.62,64.15,12.18
55.02,20.55,25.98,8.64
91.27,17.37,88.61,10.93
157.43,44.99,89.57,20.62
129.58,1.09,29.73,11.64
87.37,33.19,23.0,13.7
183.56,48.17,41.13,21.18
41.85,28.01,24.05,10.46
87.64,46.84,67.24,16.55
109.91,2.61,82.61,10.62
136.82,20.94,67.31,12.4
235.55,13.01,82.44,19.73
59.9,36.54,39.7,12.74
154.27,49.06,15.63,21.08
177.72,12.83,73.8,13.14
13.94,32.71,36.05,11.89
182.26,9.9,67.13,15.6
51.16,28.27,27.06,12.15
19.52,23.2,8.12,7.42
284.67,48.6,99.26,27.41
289.69,30.43,15.62,20.78
242.52,17.48,98.84,18.84
91.38,5.7,97.73,11.71
29.3,7.56,79.38,8.64
205.27,11.27,65.94,15.89
132.05,12.55,57.78,11.23
36.61,42.53,86.61,15.5
148.55,28.06,28.94,15.98
10.32,26.17,46.77,6.16
272.8,5.74,61.94,18.97
77.63,43.01,41.12,15.75
198.76,36.14,42.75,21.76
93.51,3.38,33.03,7.2
156.02,35.39,56.42,13.33
164.01,27.18,85.06,17.74
55.46,4.09,20.15,7.51
290.88,22.92,93.44,19.81
232.54,24.23,68.91,18.13
281.85,8.29,82.33,23.13
268.45,47.28,55.62,24.94
179.37,42.5,77.95,21.91
276.56,33.45,1.62,21.35
26.55,23.11,81.84,7.18
58.79,20.59,4.01,9.86
13.57,32.55,88.99,11.23
97.6,27.27,99.2,13.96
116.6,3.11,29.41,9.61
81.4,25.63,21.03,12.74
248.62,40.32,76.54,23.27
107.03,22.96,25.3,11.16
84.28,2.6,86.56,9.81
162.81,39.31,10.28,15.53
42.28,10.07,12.6,4.43
240.66,12.93,97.92,19.36
22.37,8.24,67.38,7.84
296.07,16.51,84.69,21.14
231.67,37.84,32.43,19.51
59.61,25.97,67.65,11.07
1.66,10.24,59.42,6.02
244.64,43.89,60.32,21.36
212.06,43.98,68.25,21.31
218.7,43.53,57.54,23.45
231.38,11.94,42.91,18.97
22.21,22.56,27.59,8.57
107.54,49.25,76.86,19.98
34.76,38.6,22.63,9.87
258.93,1.36,69.24,17.44
186.99,3.26,23.33,11.68
99.27,23.2,62.53,13.77
19.07,45.46,74.71,13.74
93.29,26.94,21.87,15.12
97.55,24.89,5.99,11.4
218.88,5.27,13.1,15.49
191.27,32.84,60.6,18.84
266.16,41.11,84.94,24.32
141.66,19.02,4.5,13.28
35.88,38.78,73.42,12.32
213.97,48.22,34.13,22.78
228.24,10.19,47.85,16.33
168.38,26.17,92.89,17.8
231.29,14.36,33.2,17.26
148.14,39.64,46.53,19.59
156.82,28.88,1.37,17.45
128.26,31.73,8.16,13.85
7.63,39.9,25.86,13.11
32.37,19.8,2.79,6.98
9.43,45.75,63.14,14.45
190.92,26.65,42.64,18.72
94.31,7.9,54.81,7.2
152.57,34.79,17.46,17.38
272.27,39.66,29.59,23.03
74.79,15.84,66.38,9.73
123.11,42.86,96.53,20.66
226.67,45.31,5.04,21.4
68.64,13.85,89.04,9.35
23.09,49.18,57.69,14.86
86.93,7.04,56.39,10.62
48.37,10.1,50.03,8.13
278.91,9.21,6.94,19.65
242.44,44.7,8.99,23.83
190.02,32.71,60.09,15.9
261.44,7.61,34.1,16.43
241.1,22.02,91.73,19.07
55.97,30.76,40.66,13.19
267.77,4.17,14.33,12.62
161.8,44.12,71.47,24.06
242.23,40.18,29.34,23.27
268.83,25.26,52.55,21.41
95.4,48.36,69.78,19.8
33.02,20.89,90.03,13.82
68.38,49.21,79.22,18.42
128.13,33.4,67.64,18.05
245.4,31.73,67.96,21.79
258.22,8.3,94.59,17.9
2.09,44.1,29.58,11.7
153.22,21.37,0.11,13.22
125.22,8.11,27.2,10.05
66.63,0.63,21.79,4.92
35.96,27.99,66.18,11.31
101.28,26.37,63.37,11.49
282.87,35.97,59.35,24.24
96.96,44.51,1.62,16.29
155.64,3.97,72.88,12.57
210.91,36.57,32.35,19.64
109.09,9.37,66.51,15.8
291.53,42.91,55.66,27.65
288.73,40.95,34.27,22.92
75.53,27.04,13.46,12.59
149.17,35.51,9.44,16.19
90.26,15.72,83.15,10.27
85.45,23.56,91.84,11.19
11.07,41.08,64.98,13.43
182.87,22.96,10.34,15.23
150.8,17.89,40.2,15.74
15.44,24.71,72.89,11.47
83.59,41.41,77.98,18.36
272.48,16.76,11.82,17.84
71.87,8.69,0.0,9.1
43.47,35.6,71.21,14.24
146.84,41.3,35.66,17.78
295.7,5.03,25.45,16.99
72.62,11.99,1.29,11.48
201.64,7.1,54.03,15.07
228.49,17.4,85.12,19.32
71.29,22.52,95.76,11.19
218.46,37.44,56.57,19.46
110.33,32.56,51.45,14.57
189.69,31.05,8.51,17.88
190.06,17.62,54.89,14.63
160.73,42.07,38.0,19.28
27.09,23.56,60.71,7.57
250.59,48.96,38.87,22.98
96.23,31.71,24.03,15.22
55.96,6.31,9.5,8.27
12.23,33.81,31.49,10.36
177.27,16.26,9.66,13.18
203.27,34.32,17.69,17.89
4.98,3.48,98.73,5.31
153.63,8.74,44.41,13.71
67.95,42.79,53.19,16.88
193.55,11.36,87.36,14.93
52.31,41.85,99.56,13.57
207.28,13.96,58.27,16.76
116.02,32.14,81.25,14.81
281.02,34.71,32.69,22.45
41.26,25.63,30.57,12.67
102.32,15.27,40.27,12.85
34.04,10.63,67.25,8.3
277.41,1.66,68.22,15.41
263.2,15.2,31.52,19.02
77.38,32.66,13.32,14.98
198.0,46.92,63.24,21.71
245.17,43.56,12.83,25.03
166.56,38.3,57.85,21.08
158.9,39.42,69.34,21.68
72.56,33.25,70.06,14.59
27.93,13.01,75.35,9.24
269.16,45.36,87.29,27.66
270.13,33.54,50.0,23.45
189.93,28.02,73.02,17.71
101.71,5.55,61.92,9.39
104.76,22.35,18.66,13.1
217.79,23.02,2.57,15.78
269.13,43.23,28.45,24.04
266.13,27.33,44.3,22.98
233.96,19.02,61.71,15.28
192.61,48.84,85.0,25.02
25.24,5.54,19.62,7.67
48.49,21.13,12.55,9.19
269.57,2.1,96.35,18.29
181.93,37.0,10.8,18.88
2.76,45.9,47.85,14.91
30.44,14.0,58.56,9.88
199.05,42.92,54.14,19.32
1.52,14.61,8.6,7.35
48.24,45.54,5.7,14.1
164.62,37.7,10.55,18.35
207.57,40.25,58.56,20.27
195.59,0.9,54.43,15.91
67.28,48.14,23.37,17.59
213.65,36.33,63.78,19.86
71.17,15.24,82.01,8.83
97.62,41.47,4.16,15.26
223.95,14.08,49.81,17.65
194.89,43.64,68.93,21.96
254.77,5.63,25.23,18.29
197.28,35.18,30.78,20.71
170.49,27.03,61.36,18.68
28.1,4.83,89.79,7.52
110.31,12.09,80.99,9.89
79.56,0.62,58.31,7.78
73.2,23.44,73.02,13.93
291.9,15.06,36.48,19.97
117.93,29.92,64.1,16.21
267.61,14.86,46.62,18.59
189.34,15.0,18.99,13.61
238.44,37.16,70.17,22.16
150.79,2.41,55.65,12.04
173.07,45.14,35.86,19.42
147.76,42.61,91.13,19.26
58.57,33.39,2.09,11.1
216.74,29.66,31.58,21.04
84.23,44.62,5.69,15.41
7.29,9.27,76.65,8.92
193.64,3.95,70.21,16.31
53.13,11.98,33.14,8.54
282.14,39.73,67.57,23.25
286.18,1.73,39.59,14.17
274.46,29.14,75.63,20.31
111.05,49.77,45.42,16.57
4.64,42.78,41.23,14.52
278.5,26.07,93.47,22.56
128.46,3.18,25.09,10.85
290.0,41.57,12.04,21.3
289.09,29.95,58.45,21.28
255.9,5.75,96.93,18.89
88.33,4.69,37.78,9.36
115.53,45.48,6.2,17.21
255.34,33.46,33.93,22.7
95.08,41.46,50.59,18.87
50.85,43.95,16.19,14.05
167.04,28.59,65.81,17.54
280.85,25.87,99.77,22.84
208.81,21.52,45.17,21.25
171.02,15.85,35.47,11.59
29.15,21.73,40.07,10.57
184.5,38.69,11.51,19.15
297.02,30.1,88.33,24.76
42.03,44.63,41.48,13.51
155.5,22.17,38.73,15.22
263.21,30.35,65.97,23.17
222.23,31.57,44.2,24.83
209.1,29.58,64.82,20.72
210.75,35.13,6.14,18.48
107.85,11.87,81.37,11.19
88.08,25.62,94.05,13.06
242.81,5.21,64.88,13.7
243.03,19.23,95.46,19.03
260.12,24.38,15.14,21.16
273.97,32.61,47.74,20.83
153.4,47.53,60.18,21.91
150.45,30.03,58.17,17.58
239.49,37.18,40.15,20.84
194.99,25.31,33.81,17.38
210.59,31.71,12.68,21.59
238.74,3.55,39.17,16.6
267.0,12.72,16.27,18.19
101.4,18.09,73.44,12.25
112.67,23.62,20.88,13.49
28.19,2.28,5.86,4.52
173.48,7.0,55.24,10.31
10.78,13.84,59.52,10.57
139.68,48.58,87.19,20.56
162.79,16.57,57.7,15.44
85.96,24.1,34.55,12.38
177.25,9.8,80.3,13.44
9.15,30.54,54.03,10.25
11.2,14.03,7.93,4.39
246.78,10.35,56.59,20.84
108.06,25.83,90.8,12.78
38.12,0.28,39.63,4.31
156.67,0.38,29.63,10.41
231.0,10.95,14.35,18.12
64.75,1.84,15.14,7.01
186.87,5.4,43.28,11.73
25.6,16.94,59.57,10.65
15.5,40.13,8.06,13.04
159.41,28.6,93.96,18.32
162.19,25.63,75.51,17.88
191.23,14.67,58.66,19.36
217.83,46.59,82.84,26.67
292.76,19.85,8.02,19.54
154.89,4.35,47.68,14.45
96.89,30.85,63.01,15.24
238.56,5.69,82.87,17.31
81.25,17.26,78.35,9.07
131.69,25.37,27.71,14.41
23.54,43.71,94.09,13.06
7.61,24.68,12.43,9.96
288.79,35.11,87.51,26.09
250.79,49.64,97.09,22.56
208.79,6.57,17.72,14.38
122.69,13.74,72.21,14.4
51.99,19.73,4.03,9.37
46.93,21.09,40.54,11.32
75.07,20.55,51.63,12.08
164.77,45.38,58.06,20.92
214.38,35.7,93.59,20.93
198.06,30.4,67.23,17.37
83.98,15.47,48.13,9.26
286.46,41.19,80.97,26.5
221.37,47.75,95.05,23.99
166.31,41.06,2.21,18.61
183.52,0.08,98.25,12.61
125.88,31.82,8.61,14.88
74.32,2.56,81.44,10.12
106.79,12.88,28.03,10.67
227.35,2.98,13.22,12.48
4.32,30.19,43.99,11.21
34.82,34.33,64.4,12.25
13.8,5.72,38.1,5.83
12.22,19.19,5.46,10.19
256.64,22.81,59.95,20.25
211.1,18.45,90.24,18.29
142.25,6.05,38.32,9.86
29.35,20.95,21.63,8.8
147.48,37.56,44.26,18.85
142.04,3.55,4.84,8.31
51.96,4.01,82.05,8.13
130.16,17.74,82.63,14.12
119.55,47.09,58.8,18.77
184.76,33.43,35.31,20.25
190.53,33.93,79.98,20.22
13.59,18.1,55.47,10.6
112.38,29.68,82.59,13.95
187.76,0.51,63.15,13.2
150.94,31.8,78.44,17.64
256.95,45.66,59.86,23.03
197.61,30.63,41.41,20.27
48.88,43.68,95.79,18.92
21.17,36.2,54.11,12.12
192.73,6.03,60.51,14.98
7.95,45.12,22.05,12.89
175.73,3.32,62.57,11.91
282.07,26.7,57.16,19.39
172.64,7.11,18.48,11.84
116.45,0.59,5.96,6.85
192.99,21.1,60.44,19.66
137.48,14.75,76.37,13.46
163.69,24.3,52.34,15.75
282.44,28.86,22.68,23.37
115.83,2.19,66.65,8.45
288.36,6.15,8.01,16.61
271.61,27.93,44.18,21.79
58.74,17.16,16.34,11.19
20.81,36.46,18.45,12.39
30.23,32.61,20.23,11.73
5.47,42.28,38.67,12.48
28.33,34.62,5.12,12.03
204.9,21.5,39.78,17.7
21.36,33.65,51.17,10.08
95.69,13.77,48.33,11.22
253.46,15.32,38.28,16.78
6.98,39.45,83.91,12.69
244.34,22.32,14.53,18.23
84.56,39.92,50.57,19.46
35.45,41.12,6.2,12.94
209.02,42.88,7.12,19.05
188.68,45.83,57.39,21.36
263.24,21.55,56.6,21.07
220.52,15.94,87.8,20.28
241.04,29.11,55.79,19.83
84.61,18.56,95.98,9.9
53.23,30.05,4.87,12.9
225.18,35.28,9.8,18.41
242.05,34.42,4.41,20.34
297.15,18.73,18.53,20.32
123.79,8.34,54.13,11.36
111.61,21.53,64.56,14.61
232.92,7.13,4.56,14.38
102.24,44.5,94.6,17.57
279.23,17.29,84.22,20.59
257.52,7.72,29.66,17.23
128.7,1.27,7.72,9.8
225.26,32.29,16.99,20.68
226.36,31.85,12.69,21.19
30.94,17.03,12.33,8.9
270.77,3.59,51.86,17.82
151.58,20.48,24.58,12.21
247.94,15.56,35.81,18.23
96.01,33.86,98.95,16.46
268.66,30.29,68.43,23.46
116.76,18.23,94.9,12.6
3.25,10.89,14.26,4.94
271.61,49.4,38.21,24.82
27.39,22.7,55.47,10.68
95.79,34.41,7.68,16.02
285.02,7.03,0.42,17.06
285.18,24.28,67.04,23.31
172.03,1.38,64.18,12.65
189.55,25.27,41.08,17.26
134.53,48.2,48.96,19.13
87.96,19.21,41.54,12.85
98.6,1.95,2.4,8.83
201.76,1.55,33.54,16.79
225.71,19.4,17.71,16.33
237.47,8.0,9.84,16.63
236.89,1.17,95.67,15.02
27.36,37.81,59.94,11.51
148.33,22.93,72.87,15.61
17.27,14.46,31.54,7.7
164.86,45.0,39.31,24.44
132.46,5.81,23.69,10.64
266.31,47.8,9.7,23.02
105.27,15.7,17.9,11.9
35.12,44.42,79.75,11.6
42.9,30.15,67.75,12.04
228.45,41.34,54.69,22.48
185.47,49.2,47.51,23.1
30.34,14.42,92.24,10.45
25.23,48.06,7.27,13.12
210.29,19.47,28.06,16.86
21.83,19.28,34.99,7.52
246.56,17.02,78.24,17.31
211.87,27.07,99.25,20.13
24.4,7.71,24.07,4.51
25.45,27.69,87.43,10.6
295.99,27.09,83.06,21.72
112.28,38.1,22.47,16.95
111.19,41.68,39.93,19.72
243.84,22.02,40.97,17.32
284.17,15.12,97.82,17.85
295.8,12.97,18.09,19.36
226.01,9.73,79.92,16.74
112.88,2.88,33.42,9.96
25.05,17.12,73.09,8.31
233.14,13.51,42.0,16.89
167.52,48.32,57.84,21.64
127.27,27.89,83.26,17.33
271.91,17.36,80.42,17.31
33.36,29.02,86.64,11.26
147.79,6.96,5.96,11.88
3.41,22.2,69.21,7.53
140.6,31.31,14.0,18.58
16.89,24.44,41.58,8.58
35.65,20.09,54.86,9.68
35.26,49.69,40.27,15.97
194.76,44.02,51.96,20.52
223.81,31.17,99.65,18.22
175.01,28.47,13.52,16.34
288.65,31.03,67.55,24.94
112.46,10.07,39.6,10.56
85.71,19.76,13.3,10.04
260.58,1.97,15.87,17.23
67.08,23.78,94.93,11.96
288.97,27.15,87.96,22.22
3.65,11.39,90.7,7.41
290.96,48.2,99.15,28.4
12.95,45.47,20.83,16.61
267.34,36.11,35.54,24.16
158.31,26.67,66.92,18.43
297.89,43.5,48.38,25.14
22.14,6.53,41.84,4.83
166.16,39.53,35.78,19.12
290.79,6.24,59.38,18.82
156.93,39.71,57.56,17.35
188.82,13.79,16.15,14.6
208.72,43.85,47.17,22.53
136.36,47.2,55.35,19.98
188.27,7.44,57.03,15.0
175.29,23.13,21.01,16.54
270.35,49.05,74.23,25.34
13.63,24.17,2.52,7.97
84.29,43.18,35.48,14.23
285.12,29.44,78.02,25.77
267.08,18.77,56.39,19.95
136.7,14.29,26.12,12.42
186.04,10.16,69.5,13.45
83.21,38.09,56.74,19.74
56.44,19.33,79.62,9.3
139.11,25.56,73.5,15.08
106.01,24.62,61.01,14.49
175.1,28.86,48.82,18.5
23.32,43.28,13.32,14.41
292.32,49.04,26.13,29.07
295.86,20.38,41.91,22.07
209.45,41.38,59.93,20.1
160.83,38.23,51.37,18.39
92.86,28.68,28.82,14.02
244.14,47.8,0.65,26.68
205.42,10.02,49.62,13.3
48.79,5.46,28.56,8.97
273.28,42.7,73.46,25.28
246.76,21.96,2.39,20.07
284.94,42.35,58.48,25.09
217.72,44.65,94.15,21.93
184.02,3.12,17.44,13.76
125.47,44.17,47.16,19.23
279.82,22.42,9.14,21.95
259.82,25.52,62.57,20.96
13.57,31.33,55.05,9.99
7.91,46.32,40.74,10.93
112.94,0.96,52.14,10.77
243.17,23.84,89.66,20.95
296.18,34.39,19.63,22.21
45.13,36.14,2.26,11.62
178.24,34.63,86.17,18.69
114.27,6.72,57.71,8.56
290.97,14.97,89.07,19.55
252.64,17.94,59.69,17.47
251.5,40.22,81.02,23.06
140.61,13.94,42.97,12.01
124.45,10.54,74.99,9.79
82.02,47.87,91.3,20.69
16.91,0.44,57.21,7.08
259.42,49.89,18.08,23.76
243.87,33.84,26.88,21.72
299.92,41.42,19.86,25.79
298.99,14.73,24.69,21.91
166.63,0.72,30.64,10.37
230.7,36.89,55.51,23.36
283.43,41.71,58.8,24.24
254.89,37.02,42.65,20.64
74.2,7.14,61.54,10.21
135.16,37.67,8.16,18.8
38.75,38.45,8.78,16.56
286.22,32.93,17.18,21.09
181.85,38.31,51.81,20.79
68.59,42.3,21.4,14.33
201.51,30.68,28.33,20.0
185.44,4.43,40.03,11.08
107.45,24.38,81.19,12.29
34.07,3.88,1.39,4.63
201.47,20.38,64.94,17.53
156.09,20.36,66.89,14.43
231.7,3.3,79.87,16.74
156.05,17.44,93.28,16.78
255.65,5.55,2.01,16.99
165.57,40.41,15.38,21.29
168.28,47.38,88.62,22.03
263.0,3.62,45.85,14.88
121.04,47.76,56.46,20.91
40.2,26.13,66.3,10.36
8.63,14.98,67.91,9.12
226.54,3.84,93.17,18.18
186.09,25.03,99.69,18.81
211.22,39.73,72.02,19.39
63.89,35.35,28.72,12.15
40.91,2.51,87.98,9.12
4.36,3.65,4.92,4.21
105.18,20.14,23.11,12.53
176.98,14.76,89.74,16.75
117.67,11.62,25.62,12.43
131.24,14.05,22.07,12.82
271.25,40.17,13.81,23.23
104.48,46.46,85.91,17.85
154.2,20.26,50.01,16.32
235.1,45.31,67.49,24.53
118.96,16.07,23.91,11.88
186.63,23.82,75.8,19.18
258.71,11.3,76.0,18.24
284.86,32.02,31.26,21.59
44.12,48.95,41.07,14.26
277.98,30.17,20.97,20.59
147.63,17.89,97.66,14.6
77.47,32.39,64.56,15.96
137.74,6.15,93.45,11.06
294.01,44.43,30.34,25.91
147.79,25.15,78.19,15.12
98.63,22.47,76.59,12.97
190.02,29.29,69.17,16.39
72.04,31.24,96.56,13.8
22.76,3.59,39.36,5.51
38.66,34.13,13.07,12.73
38.41,12.1,67.17,8.87
45.57,35.7,72.93,11.63
41.65,41.13,57.51,15.68
192.26,40.2,20.68,20.42
54.56,27.63,50.45,12.26
103.7,26.01,31.22,13.56
269.04,7.14,42.75,16.83
142.19,38.77,64.52,18.56
200.27,13.57,74.52,16.92
51.7,24.83,23.22,8.27
57.69,14.21,40.53,8.6
12.26,6.69,26.92,5.34
50.68,31.48,19.86,12.44
83.58,2.72,78.34,10.74
53.1,37.43,90.93,13.21
26.61,15.88,37.02,7.52
36.19,0.01,75.13,5.49
138.23,25.56,89.7,14.72
61.9,2.34,84.61,7.48
109.28,13.81,18.28,12.47
151.03,35.35,95.63,16.87
207.12,3.13,37.67,14.62
11.79,41.97,33.92,9.96
239.82,0.19,6.24,13.58
188.37,12.34,48.62,14.56
24.53,37.05,10.9,14.32
262.07,15.81,24.85,18.26
276.26,5.09,31.69,14.07
18.32,18.01,80.88,5.96
83.06,13.52,87.55,11.17
241.86,42.14,30.25,23.76
224.48,15.67,85.87,18.43
55.36,39.45,85.72,15.02
62.8,44.59,76.47,17.69
111.14,21.69,14.67,12.03
145.36,45.5,69.03,21.06
185.48,18.87,94.5,14.4
110.67,48.2,68.25,17.31
138.76,4.46,33.16,8.38
224.24,34.35,50.06,20.46
11.0,24.69,64.57,9.59
75.73,19.38,51.06,11.53
214.0,31.64,12.0,19.41
268.56,35.19,31.21,21.35
153.5,0.22,80.24,11.37
159.63,8.35,86.14,11.32
32.15,35.65,13.73,13.97
134.22,33.32,95.24,16.84
159.79,48.3,32.88,19.63
72.74,38.05,66.23,17.38
80.77,47.54,75.18,15.43
113.19,35.13,81.19,14.8
6.02,14.9,94.57,6.38
96.62,5.27,31.29,9.22
63.43,39.09,85.85,15.72
98.25,32.21,13.17,15.35
35.93,2.41,70.5,10.49
267.16,18.0,74.2,16.68
178.08,47.84,67.77,22.53
203.73,25.02,25.23,16.96
236.75,21.64,87.3,18.69
149.53,22.88,16.89,13.9
26.08,10.44,5.36,5.38
161.13,18.44,71.75,17.86
176.05,18.49,47.55,16.91
223.63,2.62,84.91,15.37
129.5,38.38,38.34,19.22
38.27,20.83,16.83,7.16
85.13,41.11,83.64,14.4
108.92,42.52,54.89,14.04
193.78,10.6,18.92,13.47
171.23,32.87,72.04,18.77
106.83,23.61,51.11,13.71
295.95,44.01,60.43,26.31
181.73,10.79,46.09,12.3
71.17,33.89,82.87,15.59
30.53,30.39,82.96,12.25
45.86,14.77,70.94,10.53
73.79,6.83,10.54,5.44
48.2,32.58,83.89,13.59
55.97,36.93,67.1,12.26
85.53,15.78,69.7,10.8
52.01,32.24,36.3,13.31
269.03,19.76,87.93,20.82
24.07,35.66,72.54,11.17
157.35,9.96,11.26,12.65
123.12,44.51,40.78,15.81
294.71,14.37,88.64,22.55
33.61,18.39,4.72,8.27
119.36,2.9,96.14,12.54
290.84,5.58,67.92,17.88
259.65,25.79,63.14,20.25
245.12,13.38,27.06,16.33
77.37,41.77,24.88,16.61
51.27,0.73,94.21,6.3
200.59,18.95,29.83,17.54
278.81,16.87,77.55,19.84
167.03,0.97,39.31,8.83
171.48,6.22,13.93,11.75
83.99,20.68,1.07,9.46
230.85,24.64,54.43,19.44
56.11,20.21,97.58,9.54
97.1,26.55,36.91,14.86
127.63,29.76,35.72,15.3
152.28,0.5,34.41,10.7
72.72,23.2,52.05,12.95
34.45,48.17,44.07,16.31
183.19,25.95,87.99,17.96
86.59,33.88,50.55,13.43
174.37,15.59,50.78,12.41
46.31,38.7,13.84,12.12
144.34,38.65,98.27,17.89
159.78,26.06,25.0,16.18
15.55,48.8,7.34,13.06
100.98,6.28,66.31,11.26
40.32,0.85,59.54,5.45
19.01,38.51,41.51,12.21
296.99,40.36,42.22,26.94
96.71,6.01,78.51,10.68
242.96,13.28,19.57,17.16
76.39,0.88,82.03,7.43
204.45,14.67,64.87,15.51
228.07,38.66,41.9,20.46
178.69,25.9,45.8,16.34
141.47,17.4,25.66,14.69
123.55,18.59,75.21,13.39
104.66,0.07,51.29,6.97
278.86,14.99,32.09,22.03
249.19,32.32,59.61,22.23
289.51,48.71,99.57,25.17
37.29,42.35,43.53,13.22
219.26,1.18,92.07,15.14
281.5,44.93,34.5,27.78
54.37,39.16,5.47,11.81
19.95,39.02,20.42,13.58
222.34,22.9,41.87,20.58
172.34,19.9,21.96,14.42
252.55,15.15,0.02,17.33
41.93,3.28,91.5,5.83
238.58,11.41,84.39,17.36
60.49,12.33,74.23,9.62
49.1,24.2,16.78,11.55
49.28,37.37,12.04,14.63
244.37,23.69,6.76,17.98
199.56,2.89,72.4,11.16
156.92,47.89,92.88,21.02
107.65,47.14,43.05,18.39
263.16,39.26,11.91,23.35
117.73,49.57,51.24,18.49
244.98,27.22,34.88,20.41
131.74,48.14,37.48,21.41
113.08,3.78,62.13,10.81
138.8,18.28,71.87,13.74
90.41,11.27,11.06,9.13
224.28,9.79,3.56,15.25
150.82,7.04,99.43,15.57
69.66,31.12,23.27,12.62
269.87,39.07,5.38,23.12
115.17,28.91,18.99,13.74
163.07,7.35,3.9,13.94
271.94,40.56,39.18,26.97
187.27,31.8,80.24,19.85
35.07,19.41,34.12,9.4
281.95,33.71,44.42,23.31
188.31,13.0,67.56,11.88
100.47,17.26,50.89,13.18
41.78,45.87,86.14,15.59
238.21,14.53,86.6,18.92
186.02,23.5,0.99,15.28
160.04,44.51,77.8,19.75
268.17,35.39,46.07,22.37
236.58,3.11,98.88,17.75
45.5,7.37,48.32,7.1
93.52,0.39,98.69,12.39
74.55,31.55,75.46,14.63
223.18,22.38,24.86,16.26
10.06,6.71,53.84,5.84
170.97,47.9,99.21,20.8
228.74,26.48,85.75,16.82
263.03,12.09,9.74,20.18
102.62,25.03,70.64,14.99
246.38,33.98,34.56,22.36
33.19,3.81,0.7,5.98
253.94,13.74,40.35,16.07
38.25,40.35,23.48,12.51
119.19,22.98,81.89,15.72
239.19,27.33,33.73,18.39
44.98,21.64,82.75,7.08
68.78,2.19,0.06,6.67
216.68,8.29,30.78,15.07
216.01,22.28,24.12,18.02
192.34,10.46,23.36,15.59
208.18,2.5,6.82,14.4
162.82,42.18,18.71,19.51
75.54,49.06,55.55,18.85
103.71,39.66,29.14,13.86
54.48,42.69,41.74,15.45
272.54,12.1,37.69,19.57
175.02,48.03,87.59,19.96
120.26,9.85,90.53,9.89
138.6,47.57,49.3,18.4
284.19,49.74,33.02,25.24
46.01,35.59,10.68,13.62
175.87,49.06,95.34,21.24
151.77,28.48,6.02,14.55
183.44,12.98,29.77,13.75
5.43,21.85,29.81,10.02
261.64,29.68,32.04,21.41
279.64,3.65,16.43,16.76
169.54,31.12,78.32,18.05
209.0,49.06,12.25,24.35
276.75,9.51,63.49,17.59
212.17,39.63,12.38,22.74
45.76,45.39,7.05,14.61
172.89,47.19,90.94,21.37
182.01,48.01,19.01,24.85
127.24,26.07,82.13,13.83
220.93,48.87,54.46,23.01
280.31,37.87,7.79,21.58
277.67,8.08,95.54,20.39
135.25,23.85,24.7,17.02
33.97,35.92,85.96,15.65
295.45,12.37,16.88,21.23
251.67,32.03,85.39,21.9
37.4,33.33,1.32,10.99
276.25,8.13,51.18,15.74
260.97,28.25,76.94,24.82
155.65,38.58,93.48,19.94
177.38,24.94,90.92,16.85
119.7,0.61,81.96,12.22
16.43,0.45,88.82,4.2
100.56,17.85,19.92,12.33
240.86,46.31,28.42,23.3
1.39,11.43,28.9,7.13
100.05,31.72,37.71,14.5
119.45,11.1,39.33,9.4
161.22,16.08,54.46,14.74
275.96,42.4,15.99,25.79
103.9,36.44,69.12,16.09
104.09,4.77,16.76,10.5
221.25,21.44,31.03,16.43
135.67,1.46,50.33,10.6
67.38,24.04,79.64,11.36
135.73,33.12,73.95,18.13
42.26,5.93,64.55,7.54
52.92,14.44,15.58,9.89
149.51,19.89,54.7,16.46
125.68,45.98,8.74,19.06
274.45,49.66,37.74,26.26
108.72,2.25,41.35,7.94
174.18,38.05,3.98,18.62
189.68,18.59,27.4,15.18
3.93,19.62,95.56,8.32
199.06,37.71,95.36,20.49
53.41,45.92,35.23,13.69
288.32,47.55,4.31,22.64
44.6,28.86,17.91,10.26
124.39,17.86,39.22,13.37
25.6,39.38,94.78,11.53
299.06,12.55,14.12,19.58
150.66,28.2,76.35,19.63
178.62,17.93,10.87,16.64
20.12,32.83,98.13,14.58
224.99,12.02,38.16,17.07
62.97,9.58,77.52,11.07
269.42,45.91,34.26,23.77
61.54,5.09,62.77,7.21
57.21,25.3,19.2,7.06
10.96,11.04,14.6,8.09
141.62,1.95,93.81,13.96
169.45,1.8,91.76,12.01
19.71,8.76,88.75,7.0
232.66,43.34,62.54,22.01
135.99,14.12,80.83,14.09
157.32,47.52,6.9,21.4
132.23,29.08,33.48,12.86
120.23,21.83,31.37,14.14
167.89,29.0,63.56,17.1
46.57,25.83,35.6,11.21
54.58,37.94,14.85,14.08
258.54,14.12,59.65,18.43
283.83,17.65,81.44,20.69
111.99,44.7,38.21,17.29
81.22,47.32,13.23,17.8
193.2,44.63,19.67,21.6
122.62,20.97,23.75,13.69
7.62,39.02,29.99,9.8
46.85,23.82,64.28,10.53
214.79,24.88,60.09,20.14
197.68,10.23,69.61,15.44
8.13,29.56,36.25,11.01
66.59,9.31,82.4,12.15
69.32,16.58,20.41,11.63
201.57,42.75,46.9,21.54
5.91,10.35,80.09,6.17
31.23,3.56,18.02,2.02
239.97,3.45,10.99,14.87
53.56,47.04,88.37,15.68
195.82,25.35,34.29,18.23
71.45,20.47,68.39,11.4
29.83,40.54,2.53,12.1
72.95,41.79,69.0,13.09
216.68,16.61,31.61,15.47
256.71,34.68,5.57,22.44
249.07,38.56,60.98,25.52
119.16,32.73,24.08,15.3
200.43,7.58,38.68,15.03
61.5,43.79,8.06,16.14
87.94,26.95,14.72,11.58
268.9,14.12,29.8,19.28
3.9,21.26,8.98,6.74
25.65,1.88,91.08,7.67
62.37,6.39,0.6,7.76
7.96,38.28,48.39,12.3
54.43,0.0,12.32,4.96
174.91,20.83,30.77,16.85
126.43,26.13,92.61,18.67
267.8,2.73,16.17,14.8
245.23,48.65,96.58,24.72
102.55,11.31,20.58,10.92
77.83,15.21,74.16,12.18
113.91,15.2,54.67,11.49
177.09,11.52,88.45,10.74
80.42,0.07,55.4,10.0
187.24,36.47,53.46,20.8
122.82,48.34,19.55,15.89
165.61,11.21,16.62,12.42
130.84,33.15,91.65,19.41
88.34,37.09,32.78,17.19
284.54,42.42,37.21,26.33
229.08,21.13,75.98,18.7
42.03,15.15,33.88,8.9
260.54,16.26,95.21,19.55
146.23,35.63,73.79,19.65
268.37,40.84,59.74,22.92
239.96,9.08,88.09,16.14
127.56,18.55,4.96,14.35
6.74,45.1,25.71,12.69
80.6,40.33,46.5,17.56
162.49,49.24,22.7,19.5
190.04,37.71,74.39,20.25
77.37,19.66,91.92,10.71
41.81,29.53,42.38,11.64
250.48,33.05,34.21,19.35
295.32,3.92,96.16,18.25
157.71,27.22,44.49,14.28
51.5,35.47,48.9,14.33
81.69,8.37,35.16,10.37
5.52,39.03,90.95,9.93
274.29,29.19,56.9,24.24
35.33,47.61,76.22,19.03
172.95,2.12,81.18,12.97
82.22,13.27,34.18,9.27
166.25,30.08,43.37,21.58
195.43,14.83,84.85,14.41
248.92,35.72,36.33,22.06
61.93,37.95,79.39,14.96
3.3,5.13,94.1,8.05
41.07,25.69,62.32,11.7
270.01,25.44,74.16,20.85
262.17,18.46,80.51,18.59
179.22,46.65,84.5,21.18
180.16,41.38,39.51,18.55
199.51,34.86,5.13,19.25
52.61,35.72,40.19,12.41
274.32,23.09,67.38,19.0
125.63,46.05,45.04,20.46
114.94,34.73,74.9,15.65
155.68,36.45,35.7,16.06
14.09,43.08,63.47,13.02
49.89,13.7,18.64,8.73
221.41,40.35,74.94,19.63
24.84,9.76,54.57,7.79
180.95,17.27,20.41,13.66
73.6,16.78,29.19,13.0
116.79,48.93,74.86,19.96
86.61,42.83,48.26,15.66
106.7,35.06,21.6,14.17
215.71,36.35,96.73,21.41
89.14,28.1,71.51,14.84
169.92,47.35,95.71,21.54
142.82,24.81,42.71,14.96
199.1,19.03,47.51,16.87
281.05,8.15,89.8,18.14
219.77,39.31,52.5,21.13
64.48,36.72,70.73,11.31
9.35,19.22,25.22,9.41
78.68,1.26,44.67,8.4
178.52,41.95,12.34,18.53
15.43,0.57,20.6,7.46
148.91,35.18,0.09,17.02
179.05,48.51,3.93,19.28
100.27,21.88,97.73,14.92
231.27,11.75,24.24,17.1
31.98,35.24,66.33,13.22
22.54,40.86,83.91,12.9
218.46,27.32,55.07,20.02
148.65,48.35,15.31,19.21
206.52,2.58,72.81,15.21
130.45,25.24,60.03,12.21
73.92,35.92,73.13,14.1
245.73,43.13,76.97,26.49
239.82,8.96,97.54,16.31
208.41,40.0,57.36,20.43
81.64,27.64,34.16,12.27
177.07,19.83,64.85,14.39
108.29,6.59,6.84,6.41
27.47,43.26,89.74,13.96
275.19,7.86,11.94,17.76
41.05,15.49,32.78,8.7
285.07,14.5,81.57,20.09
133.8,43.57,59.73,18.76
55.54,33.64,39.36,14.51
162.57,39.83,47.34,18.81
261.88,12.52,85.45,18.08
219.67,31.24,34.0,19.41
241.97,28.59,86.96,21.99
197.64,41.64,8.81,22.56
207.68,45.3,77.68,21.68
254.76,0.61,84.75,16.5
74.9,33.7,18.18,14.05
146.83,2.59,43.03,9.76
66.36,27.44,16.55,11.98
296.3,14.38,70.66,18.43
283.22,15.34,53.53,17.31
11.83,17.65,63.53,8.89
211.67,31.06,19.65,18.65
277.57,16.7,21.17,19.79
54.17,36.63,4.15,12.93
170.38,20.23,32.21,14.03
274.65,3.42,55.97,17.28
10.18,39.19,85.79,10.84
209.23,14.29,66.69,18.72
89.2,21.64,43.54,10.24
277.32,34.27,95.31,23.63
291.32,16.62,71.92,19.28
283.28,2.83,93.02,19.04
142.26,18.7,52.76,13.75
258.61,47.22,25.89,23.72
253.36,32.09,5.28,22.36
95.73,33.57,72.61,15.32
248.67,31.61,12.13,21.65
11.1,9.95,30.28,4.87
178.88,20.92,53.25,14.22
69.0,37.55,56.44,14.75
36.17,5.07,60.06,6.51
23.09,13.89,16.63,8.37
208.89,13.82,37.97,15.97
101.96,21.6,61.72,13.43
217.43,49.02,96.98,21.62
19.61,3.38,72.76,8.95
94.59,25.94,92.26,13.82
161.85,8.97,76.22,14.68
237.22,48.53,59.17,23.03
95.63,5.67,19.2,9.63
187.77,20.18,66.67,14.83
265.79,36.89,62.34,24.08
184.76,35.23,60.25,18.88
69.89,21.14,48.98,11.44
7.32,17.33,52.87,8.96
261.03,19.88,33.44,17.68
6.38,13.21,51.93,6.05
262.41,10.27,19.76,18.24
158.68,24.15,80.52,19.58
281.72,13.43,18.58,18.8
239.63,14.37,8.5,18.03
299.38,32.84,43.62,23.71
105.21,48.43,65.83,21.34
230.16,30.18,43.77,17.63
120.58,3.85,27.68,10.21
143.96,3.78,55.82,9.1
188.25,47.57,34.7,17.77
262.1,14.86,93.29,19.96
295.23,4.6,92.26,19.25
230.48,29.95,50.24,19.89
125.33,31.18,32.79,15.4
126.41,32.43,73.71,21.1
221.27,13.37,3.67,15.67
71.63,0.76,47.48,8.34
33.14,48.25,33.63,13.69
106.39,12.54,92.05,12.49
86.17,33.8,1.2,13.46
88.89,35.33,55.28,14.43
70.08,30.5,74.07,16.29
12.63,15.65,48.5,9.53
5.36,13.55,8.54,6.65
296.32,29.88,97.25,20.51
128.33,43.3,51.8,17.74
115.3,47.34,61.42,22.66
203.89,5.3,23.66,13.69
65.48,7.74,48.35,10.3
284.99,47.24,42.91,28.11
235.9,36.83,7.49,21.55
26.82,44.15,10.62,11.99
125.27,10.13,83.75,8.67
263.74,29.38,23.98,22.34
283.42,35.06,19.5,21.99
140.22,34.01,50.49,17.29
184.02,20.41,76.87,14.94
50.11,0.77,6.19,5.6
297.35,29.15,57.68,23.33
69.5,12.66,11.92,9.61
282.82,22.51,3.65,18.89
194.89,47.88,5.27,23.24
182.32,19.95,83.42,15.85
153.81,41.99,11.8,16.06
69.2,9.43,4.52,8.31
52.96,33.62,43.79,12.98
66.15,48.85,84.4,17.27
55.93,5.09,26.24,9.42
233.88,0.42,42.17,14.38
105.04,21.68,3.99,12.23
17.35,4.63,44.91,4.18
290.73,37.42,57.76,25.79
265.14,45.73,57.09,25.25
278.33,21.7,33.24,20.02
298.47,12.94,31.55,17.01
52.17,21.72,10.66,12.3
118.87,36.17,36.68,14.43
227.47,0.45,9.95,13.08
208.81,29.47,76.66,20.18
46.17,30.66,96.63,11.06
244.75,31.88,97.01,19.79
67.33,12.1,86.51,6.94
67.15,35.7,60.08,15.29
161.09,4.57,70.09,11.85
177.88,9.96,28.52,18.22
174.03,43.87,63.08,19.12
27.45,36.94,45.56,11.05
263.24,0.69,48.2,15.35
79.68,12.42,75.78,10.95
38.85,10.72,28.19,7.0
266.62,13.54,31.8,19.47
286.7,12.38,92.46,18.67
258.64,3.13,5.62,13.74
242.85,22.95,48.56,16.82
196.57,36.64,91.28,17.34
165.26,30.34,61.04,16.84
26.1,33.64,54.64,11.43
122.54,4.06,24.97,9.21
111.81,47.57,34.33,19.95
77.93,41.92,85.2,18.09
217.03,40.25,55.92,21.25
148.76,41.15,51.47,16.09
24.31,46.64,9.96,12.75
66.05,27.21,1.6,10.77
204.98,10.01,96.37,15.09
22.84,30.84,37.7,9.91
255.36,37.14,60.32,21.97
148.54,36.9,7.97,16.73
144.18,26.07,68.31,15.01
177.72,3.42,93.26,13.86
247.4,18.56,57.57,19.56
104.34,46.04,12.61,15.77
203.4,29.22,58.17,20.98
169.72,26.92,76.63,15.93
80.11,13.44,40.64,7.84
263.59,18.42,87.98,20.75
239.23,44.77,64.87,22.52
197.54,33.32,89.92,20.55
255.17,39.37,62.35,19.79
260.19,22.72,13.13,21.81
212.51,31.51,30.97,20.52
251.1,12.42,20.18,15.21
209.24,35.27,90.88,18.76
204.04,21.38,76.04,20.39
185.58,22.13,67.64,15.96
225.81,32.47,30.1,19.03
47.58,46.81,18.4,11.41
264.26,3.2,75.65,16.61
261.55,41.24,47.42,23.47
8.77,14.62,22.58,8.08
247.75,22.2,61.66,17.69
38.66,1.1,4.03,3.23
100.54,15.05,32.62,12.05
223.05,25.13,46.86,20.53
48.23,2.81,14.8,4.07
245.39,24.55,98.47,22.31
249.64,46.36,20.91,23.91
152.24,5.27,13.04,13.19
1.92,38.22,20.35,11.05
86.11,20.48,76.91,8.64
185.08,32.76,42.55,18.46
294.36,13.01,56.54,21.66
189.54,7.97,2.1,12.24
77.94,8.02,3.44,8.0
190.2,3.52,44.58,13.13
162.0,9.28,81.67,9.43
233.95,33.21,88.52,24.17
32.09,44.08,8.67,12.1
228.31,40.71,53.84,23.07
162.38,34.26,91.32,18.56
288.9,5.52,38.8,20.02
102.56,14.46,82.96,12.72
189.79,15.49,13.37,14.83
279.61,12.5,93.54,18.52
30.75,25.75,75.14,12.1
281.17,26.78,94.13,19.84
206.37,17.84,67.66,18.16
20.35,17.69,36.34,6.67
90.29,41.43,93.82,18.72
212.45,39.46,27.56,21.21
20.21,15.39,33.22,8.8
174.65,45.69,70.08,21.21
103.76,47.64,76.53,15.74
186.27,16.34,92.94,15.09
13.72,17.72,20.48,8.8
261.46,25.28,79.8,21.52
292.05,47.06,73.85,28.46
290.66,43.82,6.38,25.61
224.9,5.13,38.72,13.73
39.03,19.64,28.28,8.22
227.48,27.67,30.45,19.6
7.38,25.16,98.29,6.62
6.64,9.69,64.28,9.11
97.08,42.94,71.77,17.77
146.59,33.85,97.66,19.83
231.12,41.9,37.72,20.06
204.99,42.94,80.18,23.95
133.77,37.42,43.45,20.63
82.09,21.96,86.95,10.69
299.14,30.53,18.07,24.19
127.85,8.02,94.77,12.2
135.42,33.68,21.88,14.0
49.09,8.96,32.62,8.64
238.44,34.7,75.62,23.21
208.1,11.48,39.38,14.73
66.23,5.88,60.82,10.26
24.71,8.26,44.46,4.35
204.15,0.1,74.24,11.58
196.35,35.94,22.83,19.71
81.98,36.62,5.85,14.27
285.26,25.75,29.99,20.6
45.32,8.07,47.43,9.0
129.7,4.18,16.8,11.18
283.08,0.96,35.48,18.24
125.92,8.29,40.0,11.16
191.56,44.54,5.74,21.57
119.28,12.08,58.33,11.37
82.26,17.71,88.43,14.97
295.19,5.27,15.17,16.79
122.8,11.12,59.78,15.19
268.23,25.96,66.47,21.55
68.99,30.39,41.93,10.94
63.93,12.27,70.11,11.81
9.34,2.89,41.07,5.27
195.5,19.55,50.46,18.05
110.56,11.71,0.74,12.55
259.31,10.98,69.17,18.8
141.96,47.99,66.13,19.11
290.46,30.82,3.84,23.95
55.66,27.84,36.83,11.85
260.59,20.79,97.9,21.67
232.98,21.45,42.07,15.46
231.28,27.05,50.19,20.47
253.43,34.82,90.99,21.93
228.31,35.11,71.73,24.0
187.87,8.58,58.21,15.39
39.37,25.01,79.78,11.58
9.76,20.6,86.44,9.88
276.25,43.53,45.69,23.39
185.0,31.57,47.51,20.97
238.96,26.63,38.61,22.88
144.46,5.77,96.67,13.14
35.19,30.28,69.72,14.27
37.56,5.86,8.32,5.57
205.67,16.86,86.3,16.06
129.09,7.14,48.06,11.45
60.16,34.6,6.88,13.54
147.48,10.31,54.97,12.33
19.26,19.59,41.72,9.52
174.59,44.78,87.77,21.64
80.7,10.22,20.4,7.88
239.27,25.39,82.65,21.11
93.11,20.96,55.77,13.8
136.57,0.91,5.46,10.16
3.49,39.64,97.18,14.37
21.73,3.45,51.26,4.08
117.75,23.71,29.09,14.44
143.98,28.03,46.94,14.25
180.01,31.42,85.79,17.19
87.5,34.43,30.49,13.49
208.49,12.66,19.27,14.16
258.04,0.5,12.91,14.58
233.96,36.17,29.79,21.03
11.89,26.78,78.0,11.55
144.15,41.81,47.16,18.16
31.48,41.07,22.75,10.68
72.61,42.17,16.62,16.74
296.0,24.25,33.27,20.67
42.75,16.68,93.99,9.91
149.67,39.58,34.3,18.94
185.45,22.56,98.81,17.91
210.74,9.17,48.52,17.1
167.89,42.75,17.92,20.16
2.93,44.13,89.11,12.06
97.94,23.32,46.04,16.3
155.31,3.78,70.97,12.56
26.36,19.39,98.37,9.63
105.19,40.18,5.02,17.39
9.96,45.09,9.67,13.03
23.57,10.17,72.05,8.17
119.08,3.35,28.18,13.66
39.81,43.87,18.43,13.49
170.26,19.47,3.94,14.44
206.84,27.09,2.18,18.16
240.18,48.4,77.45,26.27
60.05,3.33,13.44,4.78
50.24,32.42,46.77,9.67
31.37,3.71,60.59,5.64
190.93,18.77,42.84,13.85
211.94,40.19,2.71,20.08
9.48,21.67,78.35,9.97
280.86,49.86,1.05,24.29
15.59,27.95,76.19,8.52
162.39,16.06,89.33,15.3
212.72,11.01,43.28,17.11
261.29,17.53,53.55,16.85
214.23,18.63,47.7,18.63
240.52,3.44,38.92,16.79
101.84,18.48,88.74,14.36
244.45,23.21,89.39,22.08
24.03,36.14,33.58,15.25
268.44,32.84,61.51,22.21
164.28,35.44,92.69,19.18
245.19,0.42,96.21,15.43
135.7,10.88,50.9,12.44
193.07,33.08,45.28,21.45
157.92,24.2,27.87,13.6
219.48,0.27,95.89,13.57
24.49,40.22,14.28,14.52
18.11,38.64,57.98,14.06
74.13,27.42,28.26,11.93
47.86,3.32,27.9,7.99
261.54,38.33,40.5,23.67
65.76,29.19,99.88,15.75
292.76,39.1,5.5,24.3
101.07,37.59,57.85,17.6
54.64,40.15,8.26,17.67
236.91,25.9,15.45,20.21
197.61,7.02,43.96,14.46
149.46,33.56,51.05,18.45
166.61,31.02,25.88,16.73
215.76,37.11,31.65,24.32
68.54,8.49,8.7,8.6
298.9,9.75,30.32,18.85
292.44,44.52,96.66,25.31
195.1,37.5,94.47,22.47
59.86,45.41,33.49,16.63
204.07,37.94,57.09,20.0
21.66,29.86,90.96,12.38
9.2,32.71,0.62,7.87
77.3,44.46,81.07,16.92
138.79,28.94,94.84,17.35
260.48,31.62,9.13,23.93
218.15,7.82,16.14,13.89
222.81,23.7,96.07,17.55
127.65,35.82,53.75,15.51
103.78,13.55,1.42,8.76
111.31,10.11,25.76,12.82
296.29,15.69,44.99,22.81
12.03,12.08,69.29,7.86
260.11,10.75,73.32,20.18
173.6,21.24,99.54,17.04
131.58,45.39,28.75,18.33
217.58,25.35,53.82,18.42
146.0,9.4,53.33,12.19
262.03,3.85,40.56,14.31
270.21,34.81,16.92,22.92
126.52,19.14,97.75,14.24
83.05,41.09,85.33,17.44
177.71,32.98,49.83,18.65
273.71,39.81,60.32,24.04
63.2,13.6,22.73,7.96
186.89,34.62,54.38,19.41
189.47,13.2,69.5,16.68
219.93,46.95,51.52,21.38
39.47,31.82,99.03,12.94
214.75,16.23,61.13,17.51
272.71,13.48,37.1,17.81
53.9,9.55,77.22,8.02
71.26,34.73,17.05,13.91
291.42,10.94,38.45,17.57
54.29,29.77,34.7,12.64
256.32,13.23,43.18,16.85
147.68,33.1,78.18,19.2
74.17,40.75,48.42,18.81
261.22,38.9,79.4,22.55
133.59,38.04,57.65,18.41
154.45,9.39,34.21,11.66
107.77,4.42,81.0,11.97
177.89,34.95,23.83,16.6
49.06,18.42,22.44,10.26
117.32,21.62,50.45,12.33
290.82,1.56,26.08,16.96
77.44,12.98,0.91,7.92
197.02,1.68,64.83,14.89
97.56,43.96,51.11,15.75
232.04,12.17,44.55,17.75
39.26,27.87,96.7,11.5
290.95,1.95,57.12,17.65
136.14,33.34,86.34,17.48
70.82,16.15,13.95,8.82
22.05,44.9,56.92,14.19
50.93,44.41,86.8,17.83
155.93,16.26,58.31,13.31
101.1,45.05,71.8,19.44
248.67,49.81,37.2,26.96
129.27,41.27,9.24,16.07
74.61,42.24,45.79,13.39
185.14,12.45,39.45,15.24
212.03,28.84,86.71,19.0
50.11,3.36,24.4,9.56
50.29,4.75,96.67,8.17
11.0,49.94,95.81,13.72
220.92,16.33,24.76,15.2
199.14,37.41,34.81,21.73
142.39,40.33,89.56,18.06
253.25,42.9,96.66,24.56
241.7,49.88,44.34,25.95
175.61,12.07,32.1,13.45
260.48,2.02,52.61,16.33
61.75,20.56,68.78,11.19
33.58,6.5,27.35,7.68
80.92,1.12,73.65,9.35
17.13,18.02,5.17,7.44
159.35,39.19,4.93,18.29
280.98,28.31,38.63,21.54
11.8,15.64,35.35,5.32
36.63,32.72,31.56,12.22
135.66,11.6,49.1,15.38
280.16,0.72,32.07,15.4
94.85,38.22,19.23,14.16
152.17,31.19,30.95,15.43
12.47,38.12,97.49,13.85
44.5,1.95,41.11,7.16
295.99,41.86,44.47,25.2
289.54,30.98,57.65,21.9
1.48,28.17,98.33,10.53
285.54,31.23,24.16,20.3
191.74,43.22,68.13,21.58
260.38,29.35,71.6,23.17
136.42,29.05,60.73,14.19
154.68,49.53,8.86,17.71
146.65,37.84,67.69,20.67
200.06,22.11,6.41,15.88
41.9,35.37,59.61,14.7
8.99,19.46,73.96,8.48
92.38,11.44,21.1,9.9
211.4,29.84,84.16,20.6
60.56,46.41,3.04,13.76
202.03,46.46,84.38,22.88
290.97,17.1,46.03,19.96
28.17,26.38,21.76,8.13
201.78,10.58,13.38,15.3
133.13,49.78,95.33,19.98
260.44,49.06,7.27,24.41
53.14,32.48,19.91,10.55
207.79,40.22,34.78,23.4
251.43,35.76,62.02,23.85
283.38,29.66,54.48,24.15
204.97,2.67,12.56,12.96
149.15,22.74,28.97,12.37
185.35,33.74,23.88,21.54
260.67,33.88,21.35,21.9
171.18,18.66,41.11,14.24
9.12,47.08,70.4,14.54
279.28,8.37,21.75,19.73
206.86,25.02,36.67,18.08
202.95,34.54,39.09,21.7
64.7,34.86,97.65,16.12
197.67,32.43,95.47,18.37
118.16,13.76,80.01,11.62
195.37,7.81,24.17,15.57
31.98,31.8,6.8,7.01
197.35,29.97,31.69,18.33
299.82,8.97,26.68,16.95
14.46,35.26,50.59,10.89
293.15,22.76,77.77,21.73
122.07,33.39,85.83,16.09
261.23,41.87,84.49,23.65
234.72,8.49,35.97,14.57
170.1,0.96,68.72,15.81
221.53,38.96,31.28,24.14
263.55,30.48,6.09,19.5
121.24,34.98,70.16,19.03
98.11,41.91,0.98,15.29
200.28,40.14,40.92,20.95
242.35,48.05,32.94,23.93
228.69,26.8,69.34,18.93
239.34,24.42,76.62,21.54
130.67,20.09,30.41,13.84
245.35,7.68,81.16,16.5
36.06,28.63,29.39,9.05
163.35,13.85,44.63,12.81
1.73,46.07,72.7,10.96
97.38,29.16,69.29,14.48
109.94,29.64,98.74,13.77
118.85,17.75,22.52,12.16
208.64,2.6,66.23,16.43
116.57,1.59,60.97,11.76
134.61,21.17,91.51,14.9
71.26,4.23,15.64,7.61
111.98,30.34,75.18,18.25
68.18,44.05,56.83,16.57
21.96,44.15,27.47,12.8
181.03,32.95,47.44,16.48
200.46,10.56,33.38,15.62
185.85,43.15,57.93,22.17
139.05,44.3,88.9,18.56
113.94,9.83,56.93,11.79
259.0,36.87,63.17,22.56
155.72,14.33,51.87,13.73
143.75,40.13,5.12,13.94
7.69,49.86,23.29,13.34
102.37,1.5,49.2,10.58
114.06,44.87,31.02,16.68
119.65,31.13,18.18,15.15
174.05,48.67,50.41,20.2
160.08,23.25,32.28,16.15
182.37,42.37,25.81,19.82
229.46,3.12,46.4,13.71
243.9,16.76,13.33,19.86
215.44,3.35,92.77,16.62
286.66,48.77,86.77,26.06
5.47,40.85,70.76,13.32
58.73,42.63,10.62,15.21
2.27,46.9,77.59,14.64
194.24,4.26,80.8,11.72
269.41,19.28,76.78,21.95
73.04,3.55,11.4,6.78
278.11,10.54,64.39,18.45
18.08,11.47,83.43,11.7
280.33,23.46,57.74,21.89
105.49,13.43,64.64,11.19
30.43,5.05,45.84,3.21
145.76,8.37,52.87,14.53
77.03,7.36,3.44,6.4
85.46,48.65,63.9,16.04
92.19,37.96,8.14,14.49
240.91,48.39,43.5,26.31
161.75,21.99,29.27,16.56
93.39,13.92,54.54,10.93
183.1,39.91,13.34,19.99
214.85,16.31,69.16,16.4
81.79,14.97,79.5,11.43
124.06,11.63,16.34,11.65
36.57,6.48,10.43,7.99
54.34,12.82,14.55,10.05
204.34,17.77,87.71,18.13
54.43,33.7,52.82,12.6
157.55,3.13,46.73,13.0
212.71,10.53,10.67,15.09
32.06,40.45,64.96,11.98
170.19,7.35,86.8,13.25
76.97,17.13,82.82,11.59
288.88,43.23,62.61,27.02
145.06,7.75,7.53,11.34
241.8,4.14,11.24,13.52
165.07,24.23,4.93,15.69
13.02,15.12,25.75,7.52
189.95,28.17,13.57,17.88
285.42,40.19,26.0,25.75
180.48,6.86,38.51,15.03
245.76,29.03,94.3,20.6
265.26,25.28,61.04,20.23
68.42,7.2,83.5,7.64
63.61,31.2,71.04,14.4
183.29,13.68,11.25,16.69
123.31,24.39,73.59,14.31
251.96,4.11,27.51,15.67
270.01,22.98,63.91,23.18
106.03,15.32,34.1,12.45
71.06,41.12,99.77,16.66
234.16,2.85,26.36,13.19
82.44,20.93,27.91,12.62
246.78,22.92,93.07,18.96
127.12,36.25,2.46,14.44
200.26,28.71,69.67,18.49
28.66,33.36,72.53,11.34
187.16,38.85,83.64,20.23
135.53,43.11,97.44,17.09
175.98,15.69,97.56,17.3
50.4,26.9,6.53,12.67
221.06,42.01,82.18,19.74
258.84,49.47,64.63,26.98
65.02,44.48,64.73,14.63
28.71,18.57,12.83,9.8
7.09,9.76,65.02,6.55
192.59,24.47,98.25,18.33
182.13,37.08,91.18,19.83
164.01,24.63,43.91,18.04
69.58,24.16,3.99,9.42
117.27,41.91,36.23,18.2
178.34,18.07,82.64,17.85
149.03,42.99,70.15,20.5
296.34,20.34,45.93,24.88
40.93,16.41,5.51,7.75
208.54,22.7,42.69,19.27
121.3,38.12,46.9,16.75
128.46,6.3,92.86,13.72
215.28,9.82,64.11,16.0
207.73,47.57,31.17,21.77
297.38,8.77,52.53,21.3
38.52,28.39,6.61,9.99
31.23,28.97,97.26,9.75
217.3,24.48,36.01,17.69
173.52,32.24,47.79,19.08
82.25,11.49,35.53,12.01
23.83,27.63,68.25,11.01
25.7,18.61,66.22,11.16
268.26,33.08,71.53,20.89
57.56,7.06,26.81,7.17
97.01,28.54,31.57,13.33
68.0,9.26,12.53,8.34
106.5,13.93,65.55,12.05
20.83,10.94,3.98,7.61
155.72,9.14,59.77,12.47
20.28,41.29,86.97,13.77
240.11,14.29,89.08,18.29
70.11,46.36,44.9,14.75
162.0,48.5,45.93,20.52
264.02,28.56,7.7,20.71
195.26,7.15,67.08,14.4
159.89,18.73,82.13,15.53
97.3,39.89,24.47,15.94
99.9,18.37,42.13,11.47
200.85,4.35,83.88,16.53
298.24,27.84,87.71,21.77
198.55,42.26,24.32,19.75
167.34,39.8,55.06,23.59
219.2,8.76,19.25,13.76
139.56,33.64,10.19,14.29
18.04,11.03,91.11,8.88
168.69,10.91,82.05,11.28
287.29,43.7,76.0,25.52
52.59,12.48,4.88,11.53
207.0,13.16,84.37,14.26
60.28,0.03,43.8,3.9
160.75,43.53,34.24,17.27
29.0,39.63,54.65,14.5
135.11,31.37,9.14,17.36
226.85,37.51,75.66,21.2
104.27,7.6,58.24,11.54
199.47,22.92,18.66,19.2
238.63,17.56,18.82,20.54
278.15,4.69,18.42,16.81
70.39,24.31,5.7,7.92
119.79,46.04,58.78,17.29
45.72,2.0,84.03,6.56
297.75,14.57,1.75,19.31
278.1,10.38,4.9,17.78
161.99,11.91,57.28,15.59
252.61,45.42,81.95,26.64
156.29,23.4,32.67,15.21
187.08,23.31,34.96,18.52
26.74,38.03,59.63,13.36
226.58,7.72,27.42,15.67
38.31,24.36,2.66,11.25
247.82,21.5,73.52,19.95
234.61,29.85,62.56,23.75
212.62,49.98,58.08,21.28
10.85,38.47,74.17,11.64
90.94,19.89,67.52,12.2
78.93,41.38,20.59,15.88
108.04,8.54,35.25,12.41
26.29,1.52,12.61,5.13
281.09,10.22,12.99,16.15
166.14,17.02,67.62,16.49
91.66,25.53,85.86,14.9
119.09,30.76,96.27,13.23
134.16,45.53,62.83,19.12
180.18,25.49,18.41,14.34
154.7,25.06,10.57,14.39
275.82,2.51,81.29,16.25
149.09,1.75,57.88,12.62
297.65,27.56,61.83,23.23
255.43,21.91,78.15,18.4
62.55,41.96,70.33,16.66
279.18,8.03,83.45,16.69
34.91,1.25,5.62,5.89
245.23,22.45,74.75,18.7
114.19,11.87,85.09,11.62
263.39,2.48,28.61,17.01
260.42,36.23,64.04,23.85
241.78,5.58,31.42,17.92
237.01,30.42,95.8,21.26
91.4,14.05,3.34,10.79
24.28,8.67,57.98,6.45
120.89,18.99,16.65,13.07
52.06,40.07,71.22,15.18
208.49,19.6,17.59,16.72
103.83,37.54,23.54,12.95
292.68,6.27,49.44,19.1
192.29,38.64,91.48,21.41
246.74,11.85,21.17,16.15
39.76,33.87,14.42,10.01
258.6,28.29,75.9,23.86
276.83,46.46,50.06,26.27
146.12,19.37,91.18,14.78
181.88,3.31,14.66,10.83
229.44,0.96,64.59,13.74
52.45,41.34,23.29,16.02
150.77,26.24,15.68,15.71
119.6,38.76,68.34,16.45
43.91,11.72,59.37,9.36
110.26,17.25,75.48,11.65
20.45,1.51,30.95,7.42
7.74,48.07,44.8,15.68
40.55,33.39,40.55,11.58
288.93,46.66,98.41,25.9
164.86,13.27,29.22,9.95
289.75,30.57,29.48,20.57
129.75,33.92,35.45,14.31
93.54,15.88,56.46,11.78
151.84,42.41,25.23,18.28
131.85,47.36,91.53,17.79
31.7,44.24,26.57,13.31
192.25,36.95,89.58,21.27
64.81,13.87,10.35,10.0
185.88,14.08,65.66,12.68
195.06,48.17,90.7,22.6
45.61,0.51,16.87,3.83
18.4,35.8,96.83,13.94
234.23,35.31,45.29,22.61
137.94,31.13,94.57,15.69
17.45,49.51,67.68,13.56
298.46,15.59,30.16,19.65
17.33,17.0,18.83,4.41
208.51,3.95,30.37,14.59
295.1,22.14,9.3,20.72
71.75,13.05,14.39,10.88
42.67,17.17,10.47,7.19
36.42,41.73,42.29,12.77
90.98,46.77,79.56,15.41
30.31,9.29,14.14,5.33
207.65,18.63,13.03,14.81
18.69,46.43,64.34,15.62
152.83,3.09,19.72,10.21
299.01,4.62,9.76,18.17
244.19,8.14,16.68,15.71
184.57,29.76,92.37,16.94
91.88,7.52,82.15,10.04
187.17,48.4,35.41,22.55
158.11,22.34,65.58,14.03
127.83,25.08,53.73,16.04
39.21,12.33,67.71,7.35
265.98,23.55,68.27,20.24
134.94,33.1,62.87,17.6
58.39,37.56,26.61,12.67
110.33,37.69,3.9,15.74
124.24,28.89,45.56,14.79
248.26,45.22,89.1,24.79
220.08,40.87,56.95,18.45
230.79,37.85,83.24,19.58
3.31,2.78,99.16,6.59
124.85,0.34,16.36,10.98
144.4,10.62,69.18,11.69
5.76,33.18,67.43,10.71
77.94,20.56,98.0,12.83
228.09,20.12,98.56,20.1
41.13,44.23,68.67,11.74
160.59,44.78,24.36,18.27
64.56,45.46,79.86,15.74
3.64,15.69,10.7,7.86
72.36,34.55,78.07,18.24
292.76,13.58,91.02,20.28
240.46,9.53,38.28,14.6
287.87,9.23,63.06,19.76
146.36,17.11,43.01,15.96
32.92,21.5,43.78,9.88
164.39,41.55,31.04,17.9
136.31,5.99,76.21,13.35
253.31,36.75,93.62,24.28
29.42,26.57,94.08,9.74
146.47,14.4,17.48,13.66
45.01,24.64,87.47,13.02
97.4,15.0,73.74,13.61
221.21,29.8,25.28,19.4
142.81,21.69,6.73,13.61
112.77,8.22,26.8,12.38
118.34,5.83,91.22,9.49
137.83,27.33,63.32,16.5
235.5,45.12,72.11,21.7
267.63,17.2,25.72,20.79
286.6,36.65,71.94,24.05
236.07,32.93,2.81,22.33
94.62,46.58,37.53,17.91
206.44,41.05,62.68,19.69
131.28,28.33,14.61,17.15
76.4,32.85,82.3,16.74
252.26,44.92,23.5,25.06
11.53,19.98,65.23,7.65
270.53,16.34,40.52,18.93
138.44,0.54,59.6,10.94
191.16,41.33,10.75,19.06
197.81,40.05,1.69,22.57
268.54,5.22,90.96,18.16
191.0,28.84,26.96,13.92
184.18,23.2,81.97,17.93
20.0,5.94,99.94,6.5
155.52,49.03,21.14,20.02
45.05,10.73,26.52,7.41
221.23,3.36,66.29,16.3
153.67,29.74,96.54,19.19
204.07,36.94,91.58,21.5
12.5,1.62,50.29,4.62
25.44,32.94,79.51,12.03
214.9,26.61,13.57,18.46
21.63,5.16,97.74,5.72
21.38,8.63,96.44,8.42
3.63,28.4,16.37,9.99
286.95,14.82,29.94,21.99
221.25,46.92,10.02,24.4
105.98,40.94,27.17,15.43
88.96,49.18,81.6,19.3
104.91,12.98,37.83,9.83
232.4,48.49,8.84,24.35
198.41,21.56,34.22,16.26
55.56,17.38,98.14,9.24
52.23,2.52,62.97,7.69
29.52,2.64,41.62,1.94
198.09,34.6,16.65,16.61
229.31,22.9,98.62,19.38
79.51,11.33,82.08,10.59
6.28,30.7,28.15,9.48
24.65,12.64,7.01,4.75
290.36,28.88,5.66,20.91
88.63,17.96,12.04,11.67
230.77,41.18,58.08,23.45
187.4,41.03,92.88,21.1
114.58,23.87,49.67,15.67
61.71,17.54,84.29,11.47
36.42,18.13,44.59,8.13
184.5,40.29,70.86,20.1
232.39,16.41,73.19,16.07
193.17,10.45,17.4,14.28
159.09,4.23,36.12,13.67
12.59,23.33,63.73,10.48
290.55,24.11,7.07,23.36
239.61,42.05,36.15,22.36
87.85,11.06,53.48,12.38
293.99,19.05,99.62,21.55
180.56,40.42,47.45,22.22
174.73,41.18,81.61,20.38
224.42,19.23,43.21,18.96
243.53,22.96,79.64,22.23
196.94,15.16,59.54,15.85
38.43,46.63,88.66,15.75
101.48,5.93,41.09,11.74
278.43,46.69,60.43,25.61
67.38,34.19,63.0,11.99
111.65,26.58,41.74,17.41
129.62,1.63,14.43,9.16
131.82,23.78,9.36,14.33
183.88,20.39,1.67,17.41
282.92,8.06,87.35,18.16
72.21,32.82,23.65,11.83
36.45,48.56,21.15,15.06
59.24,28.11,73.6,9.92
266.08,35.74,32.0,22.31
193.74,3.42,50.6,14.0
85.77,20.88,16.25,11.17
244.78,5.82,95.97,14.75
258.41,30.64,85.16,24.62
253.95,46.92,86.38,25.29
275.68,33.09,40.68,24.95
75.67,3.84,76.24,8.39
226.51,17.73,14.39,15.96
138.16,27.53,0.86,15.37
252.6,20.16,2.0,18.4
218.55,41.68,58.66,20.37
232.93,40.73,45.54,24.61
196.85,30.59,51.8,18.01
53.23,18.67,0.75,6.69
163.51,12.77,42.27,15.91
295.4,5.29,71.81,18.12
281.22,17.74,44.27,19.28
12.95,20.66,73.22,6.46
49.44,33.79,23.3,15.11
39.52,32.91,81.31,10.82
217.79,3.51,58.84,14.94
245.34,19.76,21.08,19.98
64.05,9.09,23.67,9.1
151.76,7.84,62.8,12.67
252.21,41.37,82.99,21.4
219.84,2.1,41.56,13.2
162.67,20.96,25.83,15.47
177.1,8.41,86.7,13.19
152.51,43.97,66.93,20.03
89.26,27.85,44.81,14.5
169.51,11.57,48.79,15.5
206.67,25.12,20.43,16.04
262.0,36.57,62.68,26.47
190.89,47.91,35.87,22.88
228.34,11.02,99.56,17.36
48.02,44.31,48.02,16.43
138.47,46.72,48.59,22.88
2.8,45.82,56.59,11.02
74.0,31.77,91.68,13.9
217.94,31.49,80.08,16.92
297.54,20.16,45.11,21.69
29.75,37.62,71.87,13.61
120.45,26.56,58.62,14.79
240.02,33.87,49.24,20.49
61.21,21.42,19.23,7.54
166.53,36.57,46.39,19.2
219.92,41.22,24.58,23.78
184.8,7.32,91.48,13.69
56.41,41.65,33.54,15.11
106.62,27.01,95.23,12.51
235.14,42.23,53.31,23.59
166.27,21.57,63.15,15.44
1.57,18.95,54.29,6.84
228.3,45.75,12.94,21.52
10.59,12.56,37.58,6.34
223.72,42.21,9.91,22.31
60.74,24.2,62.3,9.8
287.42,25.7,44.69,21.39
110.38,15.42,77.8,12.5
98.08,28.65,22.05,12.04
44.67,16.26,16.46,11.54
91.68,1.96,40.63,7.33
263.0,13.6,92.66,18.3
298.9,0.32,71.04,16.61
110.49,48.92,41.89,21.09
134.58,48.29,51.73,20.34
216.62,19.76,8.42,15.72
265.86,36.42,98.46,25.52
177.91,17.29,66.64,16.09
117.46,33.55,28.54,15.97
123.79,40.27,58.58,17.08
208.69,47.34,10.95,20.93
0.97,20.01,96.58,9.3
185.88,39.16,17.48,18.75
106.65,13.3,64.8,14.52
238.26,49.52,24.55,22.09
27.9,1.29,71.76,8.38
176.46,30.18,77.68,18.17
144.29,32.98,67.34,17.72
192.7,34.4,61.45,20.88
19.46,6.02,89.25,5.91
174.0,46.93,7.86,21.66
168.45,9.06,33.09,9.24
168.2,31.14,24.83,16.28
181.05,11.13,98.8,13.86
202.94,15.36,38.94,14.25
241.5,27.32,73.26,20.34
80.95,20.86,68.47,12.71
247.51,8.01,21.21,17.53
149.48,8.55,23.9,12.57
23.12,20.91,28.13,7.94
17.57,37.86,41.11,12.65
100.27,44.9,23.43,17.08
235.47,4.21,1.97,16.33
212.3,19.66,87.94,19.27
236.58,5.01,96.56,16.59
155.18,0.83,34.16,9.81
132.06,33.09,33.85,15.26
44.24,30.12,0.71,10.4
98.46,8.15,68.03,10.03
130.21,11.69,82.54,13.22
26.58,1.19,14.66,6.21
66.18,41.75,15.97,14.57
179.47,48.73,79.01,22.04
220.7,6.77,61.63,15.86
299.5,11.57,4.49,18.47
279.93,43.42,62.25,23.89
192.77,46.32,30.89,18.81
126.37,20.98,36.87,12.68
190.85,2.53,76.97,14.43
235.7,1.97,81.09,14.64
35.5,28.7,40.04,10.79
122.97,19.64,94.72,14.89
251.94,1.43,40.65,16.5
115.15,29.16,77.18,13.76
171.56,0.57,48.39,13.55
176.33,39.37,89.75,21.95
55.34,15.32,90.78,8.57
108.67,2.01,8.74,7.67
100.35,29.42,93.65,16.8
7.86,19.88,82.55,8.65
7.26,48.69,79.13,10.93
249.51,27.21,20.09,18.1
81.92,13.76,80.51,10.63
155.42,35.47,85.01,16.76
89.62,13.57,28.92,9.93
282.2,45.21,95.23,26.27
77.79,18.74,4.99,12.83
128.9,27.49,14.99,14.31
261.82,2.53,53.76,18.18
252.58,21.31,57.58,21.92
55.83,41.62,64.52,17.04
240.79,40.28,1.7,22.44
137.46,11.22,96.04,10.31
144.89,11.3,4.46,12.93
40.04,40.87,14.31,14.85
24.18,46.52,1.4,13.33
218.38,4.77,56.69,17.7
148.94,22.5,93.23,17.17
131.06,16.87,66.59,14.45
218.85,43.53,82.27,24.48
229.65,4.18,1.33,15.15
47.67,10.56,54.2,4.72
183.07,37.62,45.96,18.83
40.61,2.56,49.9,8.36
225.41,24.63,7.22,17.22
197.09,22.11,68.44,17.26
286.98,16.72,50.32,18.78
20.69,19.73,76.51,12.0
17.12,26.5,48.53,12.55
84.66,8.07,14.94,7.74
